{"coef": [[-0.02946827256365031, -0.006721349937844595, 0.007676884461046702, 0.0019390733158194152, 0.002940298585363293, -0.00035460413178971424, 0.004847766107488487, -0.01694796123569196, 0.008129066813983912, -0.016456740103747723, -0.0021599734108277654, -0.0203771957915497, 0.0007093770777296563]], "intercept": [-7.567937031834553]}